{
  "mean": [
    50075.8046875,
    21208.83203125,
    31716.091796875,
    23250.28515625,
    56863.39453125,
    375658.1875,
    25224.388671875,
    553.1006469726562,
    45.7086296081543,
    18.102766036987305,
    52.181495666503906,
    2.326094150543213,
    0.6278747320175171,
    0.44215989112854004,
    0.9407914876937866,
    6.628127574920654
  ],
  "std": [
    13117.15234375,
    5428.88720703125,
    7287.9775390625,
    5726.22265625,
    14119.791015625,
    108488.7578125,
    6534.9091796875,
    136.19186401367188,
    12.709659576416016,
    5.209697246551514,
    18.413604736328125,
    0.7477145195007324,
    0.06783683598041534,
    0.07858269661664963,
    0.019693497568368912,
    0.21148614585399628
  ],
  "features": [
    "tg_lbp1",
    "tg_lbp2",
    "tg_lbp3",
    "tg_lbp4",
    "tg_lbp5",
    "tg_hog1",
    "tg_hog2",
    "tg_hog3",
    "tg_hog4",
    "tg_hog5",
    "tg_contrast",
    "tg_dissimilarity",
    "tg_homogeneity",
    "tg_energy",
    "tg_correlation",
    "tg_entropy"
  ]
}