{
  "p11_mean": [
    0.0056658657267689705,
    0.11877201497554779,
    0.43793630599975586,
    0.38427627086639404,
    0.006557893007993698,
    0.13935375213623047,
    0.4782048761844635,
    0.3530324399471283,
    0.00014396497863344848,
    0.010122386738657951,
    0.06943250447511673,
    0.31636396050453186,
    0.603937029838562,
    0.0010785444173961878,
    0.04273895546793938,
    0.26055166125297546,
    0.6032223701477051,
    0.09240974485874176,
    0.47824332118034363,
    0.5217564702033997,
    0.9992135763168335,
    0.27534329891204834,
    0.7241765260696411,
    0.07154318690299988,
    0.7056331038475037,
    0.21902906894683838,
    0.0037939518224447966,
    0.00014394553727470338,
    0.010122116655111313,
    0.0694308876991272,
    0.3163436949253082,
    0.6039593815803528,
    0.0014549328479915857,
    0.05992951989173889,
    0.30865058302879333,
    0.5508522391319275,
    152.4573211669922,
    146.23609924316406,
    899.65234375,
    -0.8293333649635315,
    146.2398681640625,
    140.39808654785156,
    869.9064331054688,
    -0.7531254291534424,
    214.7427215576172,
    206.1703643798828,
    890.4862060546875,
    -1.5172609090805054,
    172.50965881347656,
    165.7987518310547,
    763.5496215820312,
    -1.132136344909668,
    153.91273498535156,
    153.92584228515625,
    47.638465881347656,
    -0.07826770097017288,
    135.2470245361328,
    135.47071838378906,
    9.886372566223145,
    0.24839775264263153,
    147.49618530273438,
    127.91876983642578,
    4592.21435546875,
    -1.8815029859542847,
    82.2336654663086,
    84.91952514648438,
    400.0679626464844,
    0.39659199118614197,
    214.74522399902344,
    206.17189025878906,
    890.5164794921875,
    -1.5172247886657715,
    167.54161071777344,
    160.74365234375,
    826.0324096679688,
    -1.0329015254974365
  ],
  "p11_std": [
    0.007780470419675112,
    0.07835453748703003,
    0.1996033638715744,
    0.21029172837734222,
    0.007810239680111408,
    0.08874207735061646,
    0.1793058216571808,
    0.21589002013206482,
    0.00028858365840278566,
    0.009507304057478905,
    0.03941388800740242,
    0.16526217758655548,
    0.19772203266620636,
    0.0015769298188388348,
    0.03077402338385582,
    0.14187821745872498,
    0.147085040807724,
    0.1564810872077942,
    0.19076624512672424,
    0.19076627492904663,
    0.012065587565302849,
    0.21968644857406616,
    0.21945220232009888,
    0.11477082967758179,
    0.14105351269245148,
    0.15500229597091675,
    0.009421922266483307,
    0.00028854652191512287,
    0.009506979025900364,
    0.039412904530763626,
    0.16524407267570496,
    0.19770123064517975,
    0.0020796223543584347,
    0.04090992361307144,
    0.16202884912490845,
    0.15997262299060822,
    22.408781051635742,
    21.012725830078125,
    277.00244140625,
    0.3198292851448059,
    19.72689437866211,
    18.357149124145508,
    259.7051696777344,
    0.3127705752849579,
    15.891291618347168,
    14.677399635314941,
    285.7845458984375,
    0.4007628262042999,
    17.05406951904297,
    16.02850914001465,
    221.6012725830078,
    0.32948118448257446,
    3.7730839252471924,
    3.5248820781707764,
    18.867687225341797,
    0.3883315920829773,
    3.797516107559204,
    3.729766607284546,
    5.712617874145508,
    0.3898428678512573,
    62.55925369262695,
    37.154945373535156,
    2381.92138671875,
    2.625586986541748,
    13.71486759185791,
    13.185047149658203,
    143.35775756835938,
    0.36100733280181885,
    15.891000747680664,
    14.676547050476074,
    285.81048583984375,
    0.40074899792671204,
    18.376720428466797,
    17.123933792114258,
    239.96926879882812,
    0.32672640681266785
  ],
  "p13_mean": [
    50075.8828125,
    21208.85546875,
    31716.07421875,
    23250.33984375,
    56863.37890625,
    375658.28125,
    25224.380859375,
    553.1006469726562,
    45.7086296081543,
    18.102766036987305,
    52.18153762817383,
    2.3260905742645264,
    0.6278735399246216,
    0.4421597719192505,
    0.940790593624115,
    6.628133296966553
  ],
  "p13_std": [
    13117.1611328125,
    5428.88623046875,
    7287.98486328125,
    5726.22314453125,
    14119.794921875,
    108488.7421875,
    6534.91015625,
    136.19186401367188,
    12.70969295501709,
    5.2096943855285645,
    18.413602828979492,
    0.7477138638496399,
    0.06783682107925415,
    0.07858268916606903,
    0.01969350129365921,
    0.21148619055747986
  ]
}